,mewtwo,zapdos,articuno,moltres,blastoise,exeggutor,gyarados,charizard,dragonite,lapras,rhydon,venusaur,arcanine,vaporeon,ninetales_alolan,chansey,kangaskhan,tauros,clefable,rapidash,wigglytuff,pinsir,aerodactyl,vileplume,slowbro,machamp,alakazam,golem,gengar,jolteon,flareon,tentacruel,magneton,marowak_alolan,parasect,golbat,persian_alolan,hitmonlee,sandslash_alolan,magmar,electabuzz,hitmonchan,tangela,raichu,jynx,scyther,porygon,fearow,gloom,machoke,haunter,graveler,kadabra,charmeleon,wartortle,tentacool,ponyta,beedrill,ivysaur,rhyhorn,dragonair,butterfree,slowpoke,growlithe,onix,raticate_alolan,clefairy,exeggcute,oddish,vulpix_alolan,cubone,eevee,magnemite,paras,bulbasaur,charmander,squirtle,diglett,pikachu,sandshrew_alolan,jigglypuff,spearow,zubat,rattata_alolan,metapod,meowth_alolan,kakuna,dratini,caterpie,weedle,magikarp
mewtwo,100,1193.8,411.8,410.8,1109.8,159.3,1425.1,251.3,805.5,289.8,402.3,744.7,433.8,1691.7,166.3,5419.4,766.5,800.4,189.2,105.9,969.3,628.3,581.2,413.5,329.4,935.2,694.9,1336.6,373.8,687.3,220.2,574,926.3,361.7,1126.8,1151.8,325.6,610.9,607.4,392.6,926.1,732.2,563.1,88.1,445.2,734.1,697.4,599.8,669.1,2006.9,608.5,1076.1,200.9,624.6,1479.2,1369.3,576.1,904.2,1284.3,445.8,658.9,570.7,510,980.5,551.3,593.5,2242.5,812.8,948.3,2458,1776.2,1462.3,679.5,1503.6,2112.6,2978.3,3759.5,924.8,2660.3,673.9,4112.9,2544.9,6630,961.8,4917.4,1677.7,12413.5,1333.2,5752.2,13898.8,169411.8
zapdos,8.3,100,54.7,92.4,568,133.6,430,319.4,320.4,96.9,28.9,753.8,94.2,742.9,82,1799.9,204.5,424.8,100.3,102.3,1107.6,1702.7,417.8,418.8,87.1,341.8,412.7,31.7,267.1,114.4,157.3,208.3,128.2,116.4,2908.1,309.7,483,406.4,123,280.6,107.1,390,911.8,8.9,165.3,2139.3,796.9,762.6,678.6,536.3,224,90.3,94,447,1178.6,479.4,412.2,401.1,1305,207.5,700.7,225.9,259.8,703.4,88,598.5,1008.9,375.2,962.1,1113.8,576.4,371,486.9,3902.3,2148.8,2155,3019,554.3,1201.9,856.6,4726.2,665,1102.6,1724.2,13425.5,3007.2,8837.4,1422.2,16046.9,1469.9,85722.4
articuno,24.2,182.6,100,71.2,504.1,191.6,542.2,212.3,607.6,68.8,757.5,1080.3,49.1,223.1,98.5,2472.3,214.3,638.8,150.9,57.3,1406.1,1451.7,1348,600.5,59.2,157.9,327.9,2504.8,339.3,88,31.8,82.8,69.6,76,2139.6,484.2,613.3,217,122.1,66,135.7,208.3,1306.8,25.7,100.4,2712.7,396.3,448.2,500.4,286.4,146.3,169.1,61.4,206.6,705.7,342,204.7,342.6,961.6,451.4,308.4,147.6,181.9,349.3,501.4,759.9,1280.7,1546.6,708.1,883.5,834.2,471.3,386.9,2839.4,1577.3,1708.3,2148.7,1716.1,785.6,383.2,3070.6,1915,3170.6,1119.8,5824.4,1951.3,3831,624.8,6842,4198.9,95294.1
moltres,24.3,108.1,140.3,100,744.9,98.8,598.8,224.7,311.4,129.1,49.3,1239.1,170.4,381.8,338.8,3091.5,646.7,833.1,314.7,172.3,1612.7,1200.1,556.8,309.8,76.6,460,601,54.1,388.9,77.2,314.8,290.2,360.8,169.5,2147.4,346.9,703.3,546.9,831.5,561.3,119.1,524.9,674.5,25.8,277.1,1401.9,454.2,624.5,501.5,721.7,285.1,141.3,94.1,893.9,830.2,337.2,824.4,424.3,964.6,309.3,943.2,267.6,228.3,1406.4,224.6,871.5,661.1,1551.2,709.9,1163.1,425.5,686.6,510.1,2861.9,1581.1,882.6,3396.3,677.8,787.8,1288.3,3087.4,1208.2,1995.5,1125.4,9250.9,1955.8,6056.1,626.5,10896.7,6708.7,99661.8
blastoise,9,17.5,19.8,13.4,100,14.3,44,16.4,24.9,26,11.2,14.8,19.3,82.5,11.2,391.2,23.7,69.5,12.8,12.8,30.6,45.3,47.3,17.5,24.3,15.2,22.6,16.4,21.9,10.5,20,20.6,11.7,30.9,62.2,36.1,31,7.1,38,36.6,23,16,12.2,6,58.2,40.4,26.6,43.5,28.3,21.3,51.9,31.1,22.8,57.2,166.9,101,58.7,32.2,17.5,40.1,53.2,17.6,68.5,107,34,20.8,45.5,49.3,40.2,112.5,64.8,56.2,40.3,98.4,35.4,327.3,413.6,67.2,37.6,91.8,193.7,134.2,173.3,64.7,868.8,158.4,625.3,108.7,1032.3,990.8,1769.2
exeggutor,62.7,74.8,52.1,101.1,696.9,100,700.7,122.9,310,187,403.9,757.6,339.3,1696.7,157.3,2287.4,602.2,757.6,179,62.9,617,491.5,550,420.7,278.6,595.6,436.3,1340.6,237.7,1038.9,107.7,228.5,727.4,176.9,717.9,459.1,270.9,388.7,85.3,156.2,941.9,466.3,572.8,103,174.8,574.3,708.8,238.7,681,1277.8,387.1,1094.4,127.8,248.8,1504.3,1389.3,229.4,360.6,1307.9,453.5,419.7,363.4,830.5,391.3,351.1,536.8,1432.1,1228.2,963.4,1576.2,1134.6,931.1,691.4,957.9,2142.5,1900.4,2399.6,937.9,2691.7,638.5,2620.7,1638.7,4248,613.4,3142.3,1070.9,5248.8,849,3754.9,5691.1,131576.5
gyarados,7,23.2,18.4,16.6,227,14.2,100,21.4,71.9,28.7,13,53.2,24.1,157.1,9,430.9,71.7,214.5,10.2,27,98.9,148.6,404.6,61.5,18.9,109.7,20,13.4,17,13,26.1,48.6,9.1,24.1,271.4,110.8,127.4,28,62.3,179,30.4,118.7,60.1,7.4,30.7,226.7,29.6,159.9,103,168.5,40.4,28.1,17.7,285.2,548.5,242.7,256.3,123.4,86,272.7,122.3,33.4,53.3,358.6,91.5,133.7,178.6,88.7,146.1,224.1,519.1,174.1,128.1,521,141.8,407.3,938.1,188.1,66.6,469.9,714.3,139.8,276.6,124.1,1720.4,568.2,1126.6,461.6,2041.9,1232.4,89223.5
charizard,39.7,31.2,47,44.4,607.3,81.3,466.7,100,263.6,43.2,46.4,116.5,153.3,333.8,304,1970,525.5,677.1,255.7,62.9,1310.8,1020.4,490.9,263.1,34,225.7,488.3,50.9,50.3,24.1,61.3,236.5,27,150.1,1824.5,325.6,268.9,243.2,266.4,222.9,37.1,233.4,572.9,13.7,423.1,1192,443.9,238.8,426.1,800.2,242.1,146.7,79.9,397.7,369.5,150,366.6,360.5,819.3,272.9,419.6,227.3,109.3,625,182.4,270.2,561.7,1320,603,619.4,388.9,206.5,169.5,2432.2,1343.2,1195.8,1510.9,575.8,419,1748.4,2622.8,1026.3,1695.6,956,7871.5,1667.9,5152.2,849.5,9275.9,5704.6,106252.9
dragonite,12.4,31.2,16.4,32.1,401.1,32.2,138.9,37.9,100,42.6,23,116,42.7,293.3,9.9,829.5,112,360.5,11.3,49.1,76.3,207.7,418.2,186,34.2,128.7,35.5,23.7,30.2,37,46.2,88.8,25.9,42.6,490.3,156.4,141.3,49.5,63.2,185,57,167.6,175.9,24.1,31.3,318.9,52.4,225.7,301.5,237.9,89.2,49.9,31.4,156.4,1067.4,230.2,136.4,174.2,251.9,281.9,252,59.2,96.2,375.5,94.5,188.7,67.6,94.4,226.8,372.2,284.7,175.5,68.6,919.7,188.2,719.7,909.3,553,642.2,303.8,388.6,617,363,574.9,3018.4,1003.2,1985.4,511,3580.8,2166.4,92823.5
lapras,34.5,103.1,145.1,77.4,383.3,53.4,348,231.3,234.4,100,222,83,96.3,286.2,95.7,974.8,139.3,401.2,69,95.5,934.3,528.6,986.4,96.5,60.6,94.3,150,737.6,248.2,63.2,183.1,87.4,56.6,300.8,1162.5,581.3,448.7,99.3,183.2,326.6,90.1,86.5,217.5,16.3,253.9,944.7,463.3,483.7,169.2,327.1,404.4,1144.6,133.5,520.1,985,351.8,479.7,376.4,325.9,473.7,426.2,288.1,133.9,818.4,366.8,468.4,937.2,525.7,175.9,896.2,743.8,974,392.3,1141.3,393.3,2506.1,1574,439.9,498.5,620.9,1955.3,1222,2018.8,712.7,2352.1,1243.9,2455.2,633.7,2798.1,2679.5,183805.1
rhydon,24.8,345.9,13.2,202.6,887,24.7,768.5,215.2,434.1,45,100,169.3,145.8,529.4,214.1,4095.5,239.5,1231.5,182,81.1,741.9,1136.6,1057.3,155.5,40.9,66.3,108.1,332.6,285.8,296.2,269.3,439.2,1461.8,442.2,2041,700.7,323.3,71.5,241.7,480.2,1762.8,72.2,90.9,168.4,110.7,1143.8,333.9,995.4,125.3,103.2,465.4,516,96.1,764,444.3,411.7,703.7,170.4,241.4,213.3,197.4,19.5,122.1,1199.8,674,174.7,675.3,287.7,177.6,744.1,172.4,1119.2,2047.4,721.7,397.3,3609.5,2881.2,278.2,4967.7,516.5,3145.4,790.2,2082.9,1821.1,2376.4,3171.6,6183,400.7,2827.1,6744.7,86188.2
venusaur,13.4,13.2,9.2,8,671.7,13.2,187.7,85.7,86.1,120.4,59,99.9,11.6,916.2,232.2,720.3,112.4,493.6,264.2,11.1,1354.3,548.3,348.8,225.7,36.7,195,356,78.4,48.7,189.4,18.4,71.5,98.3,57.1,1448.2,81.7,416.5,104.1,49.7,72.2,289.2,238,231.9,86.8,142.5,640.6,687.5,204.9,365.8,365.6,137.4,207.5,26.9,115,1725.8,474.5,153.4,130.1,225.8,215,360.4,16.5,213.6,336.1,313.6,197,771.9,252.6,518.7,601.3,461,381.6,115.3,1942.4,372.1,1648.1,1303.6,319,200.4,278.5,1418.2,100.1,699.2,516.5,4361.6,902.5,3211.8,731.8,1276.5,1225.8,111811.8
arcanine,23,106,203.4,58.6,516,29.4,414.6,65.2,234.1,103.7,68.5,860.3,100,307.8,295.3,2332,152.2,614.4,170.7,13.2,1119.6,1852.1,326.9,477.9,51.1,162.6,303.2,37.1,313.6,118.9,71.2,200.8,200.7,114.1,3321.2,255.8,488.2,172.7,932.4,295.2,183.4,165.7,1040.7,12.7,726.2,2163.5,855.8,460.5,774.4,227.8,263,98.2,110.4,524.4,487,197.8,483.6,436.1,1489.5,134.7,553.3,228.3,152.3,825,162.4,605,1020,454.8,1097.9,1801.6,329.5,398.3,1260,4456.3,2452.9,1582.4,1993.5,83.8,2065.5,1993,4779.2,1987.2,1167.9,1743.1,14629,3041.3,9620.6,1123,17477.6,1316.3,292095.6
vaporeon,5.9,13.4,44.8,26.1,121,5.9,63.6,29.9,34,34.9,18.9,10.9,32.4,100,18.9,338.6,58.3,158.9,18.5,21.5,373.1,75.6,372.3,11.5,10.2,59.8,14.8,79.9,14.3,12.4,83.3,30.5,15.3,80,76,86.8,100,12,66.9,164.7,15.9,56.8,8,6.2,97,113.3,21.3,93.5,41,82.7,34.1,126.9,14.9,119,156.3,130.5,103.8,77.3,11.5,146.5,62.5,21,61.5,285.8,134.6,71.2,183.2,49.9,58.1,225.4,239.8,136.7,53.5,378.9,56.4,548.3,597.3,169,56.1,432.4,317.4,117.8,233,104.5,910.8,479.1,949.9,192.5,1082.3,1039.3,1376.9
ninetales_alolan,60.1,121.8,101.4,29.5,885.8,63.5,1110.8,32.9,1003.7,104.4,46.7,43,33.8,529.2,99.9,2644.7,184.2,481.8,113.7,31.2,1488.6,964.3,892.5,97.2,65.9,165.1,217.2,55.5,47.5,115.6,51.7,44.8,94.6,53.1,1725.4,131,1036.7,229.8,94.7,49.7,160.8,275.7,338.8,53,355.7,1126.6,419.5,360.7,157.5,756.5,117.8,123.2,120.8,79.2,890.9,245,135.6,114.1,105.1,216.7,396.8,118.8,306.7,231.3,207.6,805,847.9,781.2,223.3,934.8,671.9,881.2,409.2,2293.9,499.2,1131.1,2268.9,558.3,1607,253.9,6267.5,1544.6,1605.9,2301.2,7401,3981.9,1952.8,803.4,8712,2139.6,96000
chansey,1.8,5.5,4,3.2,25.5,4.4,23.2,5.1,12,10.2,2.4,13.9,4.3,29.5,3.8,100,12.4,40.1,5.3,3.9,23.1,10.7,25.9,6.1,4.7,5,3.9,7.3,15.4,9.7,4.1,14.5,6.8,9.4,40.4,23,16.8,2.3,7.8,14,15,5.2,11.8,3.1,10.8,25.6,19.3,20.2,23.2,6.9,54.4,12.6,6.7,18.7,60.7,38.1,21.1,23.8,22.9,15.9,16.7,5.3,19.2,27.2,16.3,13.3,43.5,15.2,34.9,36.9,31.2,35.4,11.8,77.1,36.8,194.4,199.9,21.4,38.6,12.1,215.4,68,156.1,41.6,516.8,101.3,516.4,51.7,652.2,566.1,1529.6
kangaskhan,13,48.9,46.6,15.4,420.9,16.6,139.3,19,89.2,71.7,41.7,88.9,65.6,171.4,54.2,803.7,100,402.1,63.3,48.8,495.5,420.3,367.7,129.8,27.5,94.6,55,96.3,126.8,132.8,38.7,228.2,86.4,182.6,754.8,171.3,339.3,37.5,127.2,84.9,127.5,77.1,81.7,35.3,105.4,182.2,350.4,220.9,210.3,123.7,609.4,146.7,46,251,745.2,242,231.5,177.5,140.4,152,441.8,10.2,186.3,394.9,221.7,172.3,201.7,188.8,149.1,391.2,260.2,166.1,437,379.6,106.9,1207.3,955.8,233.5,1077.5,433.4,1659.8,409.3,269.3,604.3,1256,1054.8,2082.8,336.2,1491.8,2284.3,93694.1
tauros,12.4,23.5,15.6,12,143.7,13.2,46.5,14.7,27.7,24.9,8.1,20.2,16.2,62.8,20.7,249.3,24.8,99.9,23.5,14.3,56.4,25,34,32.2,13.6,17.5,13.7,10.7,15.7,31.5,12,18.2,13.5,13.3,80.8,45,52.7,18.6,23.6,27.8,27.9,18.8,22.5,11,26.2,46.5,27.4,46.6,34.8,26.9,37.4,26,25,52.3,143.1,72.1,56.1,37.1,43.6,28.1,36.2,18.6,47.5,61.7,23.4,38.2,72.6,39.7,49.4,94.6,57.2,64.7,25.3,301.7,50.8,376.7,476.1,69.7,98.5,28.8,348.4,138.5,255.8,123.2,999.6,525.7,1041.9,116.4,1186.8,1139.8,94341.2
clefable,52.8,99.6,66.2,31.7,779.1,55.8,977,39.1,882.8,144.9,54.9,37.8,58.5,539.8,87.8,1891.1,157.9,423.5,100,37.9,1309.3,847.7,784.9,133.8,57.9,309.6,305.2,73,41.8,92.1,31.8,49.8,77.3,90.8,1518.9,171.5,912,323,103,77,141.3,387.2,297.9,46.5,195.5,990.3,368.8,317.2,138.5,1062.5,103.5,158.2,106.2,111.3,783.7,208.1,190.6,98.5,92.4,190.5,348.8,188.8,269.6,325.1,291.8,707.9,745.8,687.1,196.3,820.9,943.3,774.3,359.9,2022.1,439,995.4,1999.5,491.1,1415.2,223.2,5527,1360,1414,2026.5,6555.5,3513,1720.3,706.8,7729.7,1884.7,100517.6
rapidash,94.3,97.7,174.4,58,776.6,158.9,369.1,158.7,203.2,104.6,123.2,894.6,754.6,463.6,319.7,2554.5,204.5,696.7,263.3,100,1461.6,1473,587.1,497.3,54.9,814.2,340.9,409.9,467.5,859.2,383.3,303.8,709,629.2,2638.2,521.4,637.6,225.6,1217,683.3,1159,270.6,828.8,110.2,544.8,1720.3,658.4,374.8,616.5,742.9,350.4,734.3,115.7,1087.8,725.2,586.1,1003.4,521.7,1183.7,303.6,823.9,329.1,398.9,1711.2,375.9,789.9,812.3,1905,871.9,1427.1,1054.9,844.1,999.6,3499.9,1937.9,1083.4,2959.5,335.2,1542.9,1582.6,3791.3,1482.8,2442.9,1380.8,11206,2409.9,7483.2,769.5,12844.4,8056.2,102739
wigglytuff,10.3,9,7.1,6.2,326.4,16.2,101,7.6,130.9,10.7,13.4,7.4,8.9,26.8,6.7,433.4,20.1,177.3,7.6,6.8,100,20.6,239.1,16.6,11.3,6.9,13.5,8.9,43.6,10,6.2,14.4,11.2,26.2,262.9,22.4,107.4,4.2,11.7,13.6,14.4,10,11.6,5.7,21.6,170.9,15.8,21.6,27,17.4,100.1,18.1,20.7,23.9,328.7,125.8,26.8,19.2,16.6,25.4,21.3,12.7,35.5,30.5,57,81.9,155.3,32.8,38.3,47.1,141.2,35.2,14.5,249.5,38.7,194.9,845.8,36,50.9,20,753.6,66.8,98.5,61,827.1,839.6,338.3,42.7,983,370.4,88094.1
pinsir,15.9,5.8,6.8,8.3,220.5,20.3,67.2,9.7,48.1,18.8,8.8,18.2,5.4,132.1,10.3,936.4,23.7,399.9,11.7,6.7,483.8,99.9,246.5,53.9,17.4,17,23.6,9.6,7.8,19.1,8.5,9,14.5,8.2,208.4,21,61.4,10.5,132.7,8.2,22.2,116.2,156.9,8.7,33.4,60.7,18.6,18.7,168.1,164.9,24.1,20,31.9,13.1,514.3,133.6,17.9,24.2,140.4,246.7,28.9,9.3,57,18.4,18.7,232.3,158.4,54.7,238.3,350.9,331.6,272.6,223.6,384.4,231.4,943,1321.5,98.7,289.6,502.1,912.8,320.8,346.8,383.2,2012,669.7,1193.8,323.5,947.7,1309.1,1627.6
aerodactyl,17.2,23.9,7.4,17.9,211.3,18.1,24.7,20.3,23.9,10.1,9.4,28.6,30.5,26.8,11.2,385.4,27.1,293.5,12.7,17,41.8,40.5,100,27.8,14.7,12.5,22.5,10.3,21.7,10.4,16.5,12.7,11.7,30.7,315.6,60.5,26.8,7.1,15.1,47.2,16,17.1,19.4,5.9,39.7,205.2,32.2,57,45,20.1,66.8,21.6,34.5,57.9,51.2,42.3,68.6,59.5,32.1,60.3,25.2,22.7,43.8,97.2,21.1,23.4,39.1,54.8,49.7,58.7,84.4,92.4,21.8,415.7,43.8,519,655.8,93.8,43,24.8,163,191,352.5,98.1,1374.9,453.3,1432.6,80.2,1631.1,1566.4,93600
vileplume,24.1,23.8,16.6,32.2,570.3,23.7,162.4,37.9,53.7,103.5,64.2,44.2,20.9,869.7,102.8,1641.7,77,309.8,74.6,20.1,599.5,185.5,359.3,100,66.1,139.9,39.3,85.4,30.5,138.8,33.2,73.7,67.1,32.1,156.6,81.8,261.3,65.3,39.7,31.9,196.3,151.9,235.5,75.3,89.4,206.6,269.8,62.3,162,229.3,86.2,665.9,48.5,50.9,1460.2,372.3,69.6,94.3,129.2,275.6,70.2,29.8,197.2,148.7,341.2,141,341.5,54.8,229.5,376.8,1103.3,200.6,420.5,583.7,164.6,728.5,2338.1,574.5,1651.4,261,2549,624.4,1035.6,929.1,1925.7,1621.1,2010.1,323.7,2284.7,2198.7,114070.6
slowbro,30.3,114.7,168.6,130.5,409.9,35.8,526.4,293.3,291.5,164.9,243.9,272.1,195.7,979.1,151.6,2117.3,363.1,730.3,172.5,181.9,884.6,573.1,678.6,151,100,873.3,421.5,810.9,218.2,88.4,411,335.3,79.2,154.1,658.8,673,262.2,356.8,229.5,366.5,136.3,427.7,265.2,32.1,431.6,669.7,407.4,350.3,244.7,1173.3,355.4,174.8,44.9,583.3,1380.4,1277.8,537.9,529,471,210.4,615.3,333.5,297.9,916.6,644.4,473.4,1314.5,231.7,346.8,1443.4,1041.5,855,248.8,880.5,775.1,1749.3,2205.7,542.4,980.4,1258.1,2409.5,1501.1,3952.6,563,2896.4,982.8,7552,1244.1,3432.7,8115.6,99952.9
machamp,10.6,29.2,63.3,21.7,654.9,16.7,91,44.2,77.6,105.9,150.6,51.2,61.4,167,60.5,2011.2,105.7,568.8,32.2,12.2,1442.1,585.2,799,71.4,11.4,100,27.9,552.6,27.3,69.5,38.1,45.3,114.1,37.8,263.4,98.7,767.3,107.7,319.8,73.9,65.1,100.4,75,9.4,215.5,245.5,792.3,186.6,125.6,156.8,77,334.5,21.4,277.7,492.4,162.7,256.1,127.2,83.8,286.7,328.2,56.4,72,436.9,701.5,595,397,88.3,216.3,266.1,286.6,368.8,716.3,1404,483.8,1339.5,1687.9,158.8,1195.2,766.9,2873.4,441.5,554.1,411.4,4611.6,2991.3,3031.7,666.4,2579.7,1557.4,258088.2
alakazam,14.3,24.2,30.4,16.6,441,22.9,498.1,20.4,281.3,66.5,92.4,28,32.9,672.4,45.9,2577.4,181.6,730.6,32.7,29.3,741.5,422.6,444.4,254.2,23.7,358.7,100,61.1,16.2,42.8,26.6,353,76.8,13.1,759.3,399.4,187,46.7,171.7,58.5,242.8,422.8,49.9,24.3,119.7,493.8,308.8,458.8,412.1,678,13.5,147.7,21.3,93.2,1134.9,658.8,108.5,38.5,44.7,163.9,504.6,20.5,234,272.2,244.3,101,472.2,291.2,584.4,1097.7,660.7,648.7,481.6,261.8,453.3,834,1053.3,257.3,743.4,477.6,1144.8,714.8,289.8,1063.6,868,1849.5,1443,370.5,1031.7,1577.8,102023.5
golem,7.5,315.4,3.9,184.8,607.9,7.4,746.2,196.3,421.5,13.5,30,127.4,269.5,125.1,179.9,1365.4,103.7,926,136.9,24.3,1122.2,1040,963.9,117,12.3,18,163.5,99.9,101,383.6,192,458.6,309.2,263.8,1867.2,639,489.3,74.7,112.2,391.9,585.6,70.7,76.4,175.9,250.5,1159.9,505.2,966.5,189.7,115.9,285.1,229.9,18.9,624.2,672.2,325.8,698.7,454.7,117,160.3,298.8,5.4,211.2,1822.1,507,264.4,1022.3,241.8,269,1688.3,204.9,716.6,65.2,2504.4,192.9,1105.9,4382.9,50.2,335.2,540,4791.5,1671.9,3009.1,151.2,8270.2,4861.2,14337.9,607,9863.9,2088.7,89364.7
gengar,26.7,37.4,29.4,25.7,456.3,42,586.1,198.7,331,40.2,34.9,205.2,31.8,695.7,210.2,648.9,78.7,633.4,239.2,21.3,228.9,1269.6,459.8,327.1,45.7,366.1,616.3,98.9,99.9,41.4,58.8,454,46.4,50.7,2278.6,380.7,209,333.9,177.7,167.3,232.1,762.4,228.4,23.5,158.2,1483.3,220.9,189.9,530.1,1171.5,162.8,245.4,53.7,266.6,1174.3,174.3,135.7,427.4,327.1,74.5,522.2,59.7,136.4,263.1,436.8,52.7,236.3,104.9,254,260.8,571.1,489.1,291.3,1029.8,567.9,1995.7,2516.8,155.7,719.1,288.8,1312.1,140.5,2824.9,151.9,3377.3,1747,3525.9,358.1,3985.9,3842.9,110541.2
jolteon,14.5,87.3,113.5,129.4,950.1,9.6,763.8,414.4,270,158,33.7,52.7,84,806.7,86.4,1029.2,75.2,316.7,108.4,11.6,999.2,522.3,958,71.9,113,143.7,232.9,26,241,99.9,55.3,370.3,112,101.4,261.3,401.8,435.7,154.1,218.8,253.2,154.1,147.9,58.7,69.9,238.5,1209.7,719,989.4,103.5,203.4,202.1,41.6,129.6,403.3,1529.2,622,371.9,192,83.2,54.5,89.3,154,337.1,634.5,97.4,480.4,910.2,134.3,239.5,1004.8,110.8,334.7,701.5,973.7,535.4,1944.3,3917.7,90.2,1728.7,1111.5,4264.1,600.6,353.3,1555.6,5135.9,2713.2,5360.9,862.6,6128.6,1326.3,98258.8
flareon,45.3,63.5,314,31.7,497.3,92.8,382.4,162.9,216,54.5,37,540.7,140.3,119.9,193.1,2439,258.3,830.9,313.8,26,1608.6,1163.3,602.4,300.3,24.3,262,374.8,52,169.7,180.8,99.9,185.3,558.8,136,2081.6,374.7,306.8,248,586.1,407.1,277.4,245,653.8,40,429.4,1358.9,316.8,272.4,486.1,357.9,276.3,135.3,91.2,648.4,602.2,255.5,598,411.3,935,168.4,684.2,259.4,72.4,446.3,223.9,869.2,640.8,1503.7,688.1,1127.4,194.9,235.6,789.2,2774.5,1532.6,855.5,2466.4,264,1217.8,1248.8,2992.7,1171.2,1934.4,1090.9,8971,1896,5872.6,607.2,10568.1,6504.6,97676.5
tentacruel,17.4,47.9,120.7,34.4,483.5,43.7,205.4,42.2,112.5,114.3,22.7,139.6,49.7,327.3,223,687.4,43.8,549.5,200.8,32.9,690.4,1101,788.7,135.5,29.8,220.4,28.3,21.7,22,26.9,53.9,99.9,12.1,31.1,1280.8,255.7,322.6,55.5,234.8,377.5,62.8,251.6,93,15.3,258.3,462.1,61.1,196,219.7,345.9,52.2,223.1,34.9,171.6,1243.3,413.3,147.8,281.1,175.2,46.3,190,45,82.3,437.6,276.2,276.1,393.2,116.8,165.3,271.4,413.9,194.8,244.6,1703.9,128.2,838.8,1058.9,101.3,468.8,919.9,2929.8,719.2,435,670,3515,1169.1,2305.1,595.4,4169.1,2520.4,102529.4
magneton,10.8,77.9,143.5,27.6,848.3,13.7,1089.1,369.9,385.4,176.4,6.8,101.6,49.8,653.2,105.6,1468.7,115.5,737.8,129.2,14,892.1,685.4,855.3,148.8,126.1,87.6,130,32.3,215.1,89.2,17.8,824.3,99.9,76.5,373,630.2,389,19.4,253.9,141.3,83.5,82.6,83,11.4,340.4,1723.7,251.2,883.3,241.3,113.5,180.4,50.3,95.2,225.1,1365.4,555.2,207.6,325.3,192.4,57.1,175.5,219.9,376,354.3,139,169.5,1297.7,118.9,341.7,1432.2,83,477.7,626.4,1386.8,763.4,2767.9,5566,80.5,1544,992.4,3807.6,855.9,674.7,2217.3,7282.3,3860.4,11738.2,770.1,8701,2918.5,94447.1
marowak_alolan,27.6,85.8,131.5,58.9,323,56.4,414.8,66.6,234.3,33.2,22.5,174.9,87.5,124.9,188,1063.7,54.7,750.4,110,15.8,381.6,1203.6,325.4,310.7,64.8,263.9,760.2,37.9,197.1,98.5,73.5,321.3,130.5,99.9,2157.6,259.8,178.1,366.1,242.2,145.9,146.6,333.3,676.5,24.3,580.6,1405.9,237.8,208.7,503.5,483.1,165.3,100.2,169.5,527,407.4,198.8,486,357.9,968.2,122.3,556,148.5,193.3,829.1,141.3,129.2,866,363.6,419.3,687.8,325.7,525.4,480.7,1694,936,3934.8,4923.9,160.7,742.8,761.4,1143.7,1769.1,2918.5,1646.9,5511.4,2859.4,5755.5,1128.4,6538,6204.5,85764.7
parasect,8.8,3.4,4.6,4.6,160.7,13.9,36.8,5.4,20.3,8.5,4.9,6.9,3,131.4,5.7,247.5,13.2,123.7,6.5,3.7,38,47.9,31.7,63.8,15.1,37.9,13.1,5.3,4.4,38.2,4.7,7.7,26.8,4.6,99.9,7.2,188.2,5.8,5.7,8.5,58.4,34.1,93,7.8,20.4,25.4,35.8,13,39.3,48.8,10.8,15.4,17.7,7.3,118,99,12.4,6.4,81.4,76.4,47.4,3.7,36.1,66.9,32.7,101.5,65.7,153.6,165.3,271.4,111.4,80,51.3,421.6,137.2,264.8,663.7,185.3,192.8,22.9,269.5,25.8,166.3,92.9,874.3,1174.9,570.3,149,1041.4,625.3,2601.2
golbat,8.6,32.2,20.6,28.8,276.8,21.7,90.1,30.7,63.9,17.1,14.2,122.3,39,115,76.2,434.5,58.3,221.9,58.2,19.1,445,474.4,165,122.1,14.8,101.3,25,15.6,26.2,24.8,26.7,39.1,15.8,38.4,1379,99.9,103.1,56.1,21.5,54.9,38.3,123.6,119.9,4.8,60,199,55.7,95.3,233.1,201.6,74,28.5,17.4,87.4,445.6,110.8,97.9,154.8,137.3,87.6,65.8,57.1,74.2,295,27.6,120.7,362.6,117.6,350.4,292.4,209.8,158.3,39.9,853.9,783.1,904.6,1140,201.2,432.5,36,2716.2,358.3,476.9,333.9,2806.8,1262.5,2919,401.7,3325.7,3203.3,85235.3
persian_alolan,30.7,20.7,16.3,14.2,321.5,36.8,78.4,37.1,70.7,22.2,30.9,24,20.4,99.9,9.6,595,29.4,189.6,10.9,15.6,93,162.6,371.8,38.2,38.1,13,53.4,20.4,47.8,22.9,32.5,31,25.6,56,53.1,96.9,100,13.8,33.2,31.2,43.4,16.5,26.7,13,49.7,34.5,66.1,49.6,61.9,18.2,127.3,75.5,61.9,49.8,399.2,128.2,58,32.9,38.2,56.9,101.5,18.6,143.3,145.5,84.3,147.1,135.9,182.4,87.8,574.7,146.2,197.6,48.1,223.8,68.1,446.5,564.3,137.6,86.4,235.9,465.9,382.7,247.8,120,742.2,390.1,1234.1,198.1,881.9,1351.4,100376.5
hitmonlee,16.3,24.6,46,18.2,1392.9,25.6,356.9,41,201.5,100.6,139.7,95.9,57.8,832.3,43.4,4275.6,266.3,535.5,30.9,44.2,2344.4,948.7,1404.8,152.9,27.9,92.7,213.7,133.8,29.9,64.8,40.3,180.1,514.5,27.2,1702.1,178,721.6,100,150.2,200.2,277.7,228.5,170.9,36.8,350.1,1108.4,745.1,156.9,247.9,155.1,35.2,720,32.8,261.4,620.3,385.5,241,243.5,152.9,298,275.9,58.4,83.3,411.1,589.3,560,522.7,60.5,155.3,650.6,258.9,979.2,726.6,1006.5,111.3,1256.2,1587.1,388.2,1121.2,720.7,4383.8,1078.3,1119.4,1600.8,3300,2771.9,2171.8,559.2,3906.6,2375.4,106729.4
sandslash_alolan,16.4,81.2,81.8,12,263,117.1,160.4,37.5,158,54.5,41.3,201,10.7,149.2,105.4,1284.5,78.6,422.4,97,8.2,850.5,75.3,661.2,251.4,43.5,31.2,58.2,89,56.2,45.6,17,42.5,39.3,41.2,1748.5,463.1,300.7,66.5,99.9,36.8,69.4,64.1,175.5,10.9,145.2,1138.7,496.2,583.2,407.4,103.2,158.6,220.8,32.7,58.6,413.3,136.7,77.7,295.8,251.4,198.4,401.3,169.9,92.5,171.1,392.9,172,1237.6,405.7,577.6,786.3,249.4,440.3,99.1,2345.9,414.3,1338.5,1582.1,115.1,222.1,370.3,2087.6,816.7,695.7,760.8,5643.8,1327.8,4049.3,814.9,2980,4413.7,175698.5
magmar,25.4,35.6,151.4,17.8,272.7,63.9,55.8,44.8,54,30.6,20.8,138.4,33.8,60.7,201,715,117.6,359.3,129.7,14.6,732.8,1213.5,211.4,312.7,27.2,135.1,170.7,25.5,59.7,39.4,24.5,26.5,70.7,68.4,1171.6,182,319.4,49.9,271.6,99.9,138.7,114.1,117.6,22.4,240.9,1417.7,527.4,283.6,272.8,175.3,85.7,29.8,51.1,159.2,240,120.4,141.8,161.3,524.9,41.3,295.8,80.4,40.6,464.8,50.4,151,667.7,150.8,386.5,633.5,239.9,157.6,443.2,1564.2,863.3,892.3,1125.4,148.1,684.3,702,1681.8,657.9,1091.4,612.9,5108.4,1070.1,3349.9,632.9,6063.2,3660.5,95426.5
electabuzz,10.7,93.3,73.6,83.9,433.8,10.6,328.5,268.7,175.1,110.9,5.6,34.5,54.5,628.6,62.1,667.4,78.3,357.9,70.7,8.6,692.7,448.8,621.4,50.8,73.3,153.5,41.2,17,43,64.8,36,159.1,119.6,68.1,170.9,260.5,230.2,36,143.9,72,99.9,73.3,38.4,10.9,66.1,784.7,237.7,641.7,117,122,131,44.5,21.6,261.5,992.1,403.3,241.1,119.4,55,38.8,95.4,99.8,218.5,411.5,64.7,171.7,590.4,89,116.9,651.8,71.1,217,455.1,631.7,90.7,1261.5,2543.4,58.5,1122.1,721.1,2766.7,445.5,1018.2,1009,3336.1,1760.7,3482.1,559.5,3979.5,3826.7,100630.6
hitmonchan,13.6,25.6,47.9,19,624,21.4,84.1,42.7,59.6,115.5,138.3,41.9,60.3,175.9,36.2,1916.2,129.6,530.2,25.7,36.9,993.2,85.9,582.6,65.7,23.3,99.5,23.6,141.3,13.1,67.5,40.8,39.7,121,29.9,292.2,80.8,601.7,43.7,155.7,87.5,136.2,99.9,74.7,30.7,85.4,217.9,388.9,155.3,114.1,160.3,36.9,292.9,27.3,264.6,603.3,145.3,244,102.7,66.9,251.1,273.1,42.1,67.4,342.8,613.8,566.9,95.8,63,151,542.9,271.4,816.8,606.4,1019.3,117.1,1048.4,1652.2,324.1,935.7,601.1,3661.3,900,414.1,1333,3345.5,2324.8,2260.1,466.4,3268.5,1984.1,108988.2
tangela,17.7,10.9,7.6,14.8,816.6,17.4,166.3,17.4,56.8,45.9,110,43.1,9.6,1244.8,29.4,849.1,122.3,443.5,33.5,12,858.5,63.7,514.5,42.4,37.6,133.1,200,130.8,43.7,170.2,15.2,107.4,120.3,14.7,107.4,83.3,374.3,58.5,56.9,85,259.8,133.7,100,31.8,128.1,69.8,617.8,120.1,231.9,205.4,123.4,363.9,35.6,72.9,2098.9,576.9,97.2,20.6,143.1,464.6,228.4,11.9,371.5,213,489.1,177,782.1,161.3,328.8,863.5,711,342.8,138.2,524,235.8,1045.1,1078.4,421.2,165.6,373.8,1173.5,258.5,455.9,427.4,1736.5,746.4,1812.2,463.9,2069,635.8,103341.2
raichu,113.4,1123.1,388.2,387.3,1670.4,97,1343.3,729.1,413.3,612.5,59.3,115.1,786.2,1594.6,188.6,3208.6,282.4,907.7,214.6,90.7,1757.3,1137.7,1684.7,132.6,310.7,1060.7,409.8,56.8,424,142.9,249.7,651.4,871.2,410.3,1275.6,2090.3,766.5,271.2,914.5,445.4,914.2,325.2,313.5,99.9,419.7,2126.7,791.5,614.2,297.1,893.2,243.8,140.9,228,709.4,2688,551,654.3,642.9,571.7,91.4,747.4,229,326.9,394,250.8,949.7,1600.6,921.7,421.3,623.6,154.5,1663.4,1233.2,1711.4,941.6,1205.8,2416.6,93.4,3035.5,1953.8,2637.9,1650.5,2721,963.8,3178.9,1677,3298.7,1516.5,3776.8,3604.7,130785.9
jynx,22.4,60.4,99.4,36,171.7,57.1,325,23.6,318.7,39.3,90.3,70.1,13.7,103,28,921.2,94.8,381.3,51.1,18.3,461.7,299.2,251.3,111.7,23.1,46.3,83.5,39.9,63.1,41.8,23.2,38.7,29.3,17.2,487.9,166.4,201.2,28.5,68.8,41.4,151.1,117,78,23.8,99.9,317.4,207.7,259.3,181,187.6,52.9,100.1,33.2,35.6,422.7,199.3,47.4,60.1,348.5,160.1,178.3,51.1,145.7,183.1,149.2,61.7,609.8,208,256.6,420.9,249,167.2,38,652.1,573.4,510,1134.3,401.6,726.4,201,1118.5,1112.4,1844.9,650.7,1351.5,1133.9,2244.7,361.7,1608,2450.8,86084.6
scyther,13.6,4.6,3.6,7.1,247,17.4,44,8.3,31.3,10.5,8.7,15.5,4.6,88.2,8.8,390.2,54.8,214.6,10,5.8,58.4,164.7,48.7,48.4,14.9,40.7,20.2,8.6,6.7,8.2,7.3,21.6,5.8,7.1,393.1,50.2,289.4,9,8.7,7,12.7,45.8,143.1,4.7,31.4,99.9,47,56.9,168.2,58.6,19.8,53.7,27.3,11.2,307.2,63.3,14.9,55.9,126.2,170.1,72.9,11.2,48.8,46.5,50.3,156.1,70.1,236.2,254.3,417.4,410.6,187.4,17.2,1654.9,211,505.4,1020.2,210.7,31,35.3,419.1,145.6,343.4,327.9,3413.1,573.2,1398.4,229.1,4071.7,1535,3992.4
porygon,14.3,20,25.2,22,492.1,14,395.3,57.5,190.6,34.4,12,14.5,18.6,469.3,23.8,518.8,28.5,364.9,27,15.1,706.4,457.7,382.5,23.1,39.2,20.1,32.3,7.9,45.2,13.9,31.5,191.5,15.5,42,249,235.4,169.4,21.4,32.1,30.3,26.2,25.6,16.1,7.9,30.1,212.4,120.6,76.8,37.5,28.2,139,71.7,28.7,48.2,340.2,153.4,56.1,48.3,23.1,22,118.2,34.2,74.8,140.9,80.1,49.1,306.4,208.2,241.6,223.3,205.3,334.8,29.1,984.7,41.2,432.4,872.1,36.9,302.2,360.3,948.2,592.1,981,345.3,1146.4,603.3,1195,360,1363.3,1308.6,103680
fearow,16.6,13.1,22.2,16,229.4,41.8,62.5,41.8,44.3,20.6,10,48.7,21.7,106.8,27.7,495,45.2,214.4,31.5,26.6,462,533.7,175.2,160.3,28.5,53.5,21.8,10.3,52.6,10.1,36.6,51,11.3,47.8,768,104.8,201.3,63.6,17.1,35.2,15.5,64.3,83.2,16.2,38.5,175.6,332.4,99.9,178.5,98.8,155.5,30.5,33.4,56.1,442.4,220,62.8,113.1,119.1,244.4,196.6,52.6,54.4,163.9,62.1,57.1,190.4,124.1,253,259.7,286,208.5,29.3,1026.6,565.5,502.8,635.5,386.5,38,357,1102.6,430.9,253.3,401.5,3371.8,701.4,2209.7,223.1,3982.9,2421.2,96352.9
gloom,14.9,14.7,19.9,19.9,352.1,14.6,97,23.4,33.1,59,79.7,27.3,12.9,243.8,63.4,430.7,47.5,286.8,72.1,16.1,370.1,59.4,221.8,61.6,40.8,79.5,24.2,52.7,18.8,96.5,20.5,45.5,41.4,19.8,254.4,42.8,161.2,40.3,24.5,36.6,85.4,87.5,43,33.6,55.1,59.3,104.1,55.9,100,114.1,46.7,127.3,29.9,58.3,904.2,248.5,53.8,47.6,83.5,141.3,43.3,33.3,121.7,91.8,210.7,76.2,144.6,36.5,141.7,232.6,261.9,147.7,59.5,360.8,117.6,450.4,1449.6,354.6,1023.3,161.1,1577,386,250,574.7,1194.1,1003.6,1244.8,199.8,1417.5,1363.1,86400
machoke,4.9,18.6,34.9,13.8,467.7,7.8,59.3,12.4,42,30.5,96.8,27.3,43.8,120.8,13.2,1436.3,80.8,371.4,9.4,13.4,571.9,60.6,497,43.5,8.5,63.7,14.7,86.2,8.5,49.1,27.9,28.9,88,20.6,204.6,49.5,547.9,64.4,96.8,57,81.9,62.3,48.6,11.2,53.3,170.4,221.3,101.1,87.6,99.9,24.4,213.2,9.9,198.2,376.7,122.7,182.8,93,43.5,182.7,191.3,44.2,63.2,311.9,447.3,424.8,59.7,45.9,94.2,197.9,182.7,263.2,221.2,764.9,73.1,957.1,1206.9,118.1,853.9,547.6,3349.5,328.4,301.5,489,2519.3,854.2,1653.4,424.8,3007,1815.8,93705.9
haunter,16.4,44.6,68.2,35,192.3,25.8,247,41.2,111.9,24.7,21.4,72.7,38,293.3,84.8,183.6,16.3,267,96.5,28.4,99.8,413.3,149.5,115.9,28.1,129.8,735.7,35,61.3,49.4,36.1,191.3,55.4,60.5,919.2,134.9,78.4,283.4,63,116.6,76.2,270.3,80.9,40.9,188.8,502.2,63,64.2,213.8,409,99.9,83.9,32.9,199.5,441,192.4,184,151.9,411.5,45.7,210.6,36.6,83.7,314,154.8,18.7,281.9,125.1,303.1,311.3,180.1,244.8,178.9,634.1,677.9,1232.3,3011.8,95.6,442.3,344.6,465.2,824.1,1749.6,53.8,2091.5,2088.8,2177.2,220,2481.2,2376.1,94447.1
graveler,9.2,110.6,59,70.7,321.4,9.1,354.7,68.1,200.3,8.7,19.3,48.1,101.7,78.7,81.1,789.4,68.1,383.8,63.1,13.6,552.1,498.2,461.8,14.9,57.1,29.8,67.6,43.4,40.7,239.7,73.8,44.8,198.3,99.7,647.1,350.6,132.4,13.8,45.2,335.2,224.4,34.1,27.4,70.9,99.8,186,106.7,326.8,78.4,46.8,119.1,99.9,18.6,533.9,330.7,143.3,492.4,173.7,44.2,73.7,146.9,64.2,85.2,839.9,148.6,162.1,151.7,84.8,124,760.4,116,273.7,770,1109.3,277.5,2568.7,2018.1,83.1,2536.6,256.7,2208.3,1826.3,1118.9,1285.9,3660.2,2239.2,6447,279.8,4366.5,7100.7,188117.6
kadabra,49.7,106.3,162.6,106.1,438.6,78.1,563.3,125,318.2,74.9,103.9,370.8,90.5,668.7,82.7,1495,217,398.7,94.1,86.3,482.6,312.8,289.3,205.8,222.3,465.9,469.1,528.3,185.9,77.1,109.5,285.7,105,58.9,561.7,574.1,161.4,304.1,305.4,195.4,461.5,364.8,280.4,43.8,300.4,365.5,347.1,298.5,333.4,1000.3,302.8,536.5,99.9,311.1,738.2,684.2,286.9,450.9,641.4,221.8,328.3,284.2,127,489.2,274.7,54.6,1121.3,149.7,472.2,1235.1,888.5,729,338.9,750.3,1054.1,1490.9,1883.2,461.4,1331,336,2053.3,1283.6,3346.3,480.1,2468.8,838.7,6529.4,664.8,2947.5,7061.9,131011.8
charmeleon,15.9,22.3,48.3,11.2,174.7,40.1,35,25.1,63.8,19.2,13,86.9,19,83.9,126.1,533.7,39.7,190.8,89.7,9.2,417.7,762.1,172.5,196.2,17.1,35.9,107.1,16,37.5,24.7,15.4,58.2,44.4,18.9,1368.2,114.3,200.5,38.2,170.5,62.7,38.2,37.7,137,14.1,280.8,890.4,129.5,178,171.3,50.4,50,18.7,32.1,99.9,172.4,72.1,89.4,105.2,196.2,27.8,55.4,50.5,25.5,291.8,31.6,94.8,419.1,119.1,242.7,398.2,150.6,183.7,278.5,985.4,542.7,560.4,707.1,93,430.5,441.1,1058.2,413.5,243.1,385.3,3238.8,673.2,2122,397.4,3827.2,2325,85389.7
wartortle,6.7,8.4,14.1,12,59.8,6.6,18.2,27,9.3,10.1,22.4,5.8,20.5,63.9,11.2,164.6,13.4,69.8,12.7,13.7,30.4,19.4,194.9,6.8,7.2,20.2,8.8,14.8,8.5,6.5,16.6,8,7.3,24.5,84.6,22.4,25,16,24.1,41.6,10,16.5,4.7,3.7,23.6,32.5,16.5,22.5,11,26.5,22.6,30.2,13.5,57.9,99.9,67.3,64.9,22.7,6.8,41.4,14.3,10,17.6,94.6,38.1,25.8,54,16,15.6,111.8,73.9,34.9,28.9,36.8,11.2,325,282.7,60.1,24.5,39.7,151.7,90.6,122,81.2,540.4,283.9,403.5,42.2,642.5,616.9,1232.1
tentacool,7.2,20.8,29.1,29.6,98.8,7.1,41.1,66.5,43.3,28.3,24.2,21,50.5,76.5,40.7,262.3,41.2,138.5,47.9,17,79.4,74.7,235.9,26.8,7.7,61.3,15.2,30.6,57.3,16,39.1,24.1,18,50.2,100.9,90.1,77.9,25.9,73,82.9,24.7,68.7,17.3,18.1,50.1,157.8,37.4,45.4,40.1,81.4,51.9,69.7,14.6,138.5,148.4,99.9,121,103.3,24.8,78.3,36.4,39.2,35,416.7,84.5,49,90.4,24,65.2,142.3,160.5,127.1,59,391.6,40.8,846.6,402.9,108,56,279.7,1015,454.3,354.2,423.3,1902.2,668.2,2103.9,124.5,2650,2551,86658.1
ponyta,17.3,24.2,48.8,12.1,170.3,43.5,39,27.2,73.2,20.8,14.1,65.1,20.6,96.2,73.6,474.4,43.1,178.1,52.4,9.9,372.3,557.7,145.7,143.6,18.5,39,92,14.3,73.6,26.8,16.7,67.6,48.1,20.5,798.9,102,172.2,41.4,128.5,70.4,41.4,40.9,102.8,15.2,210.6,667.7,115.7,159,185.7,54.6,54.3,20.3,34.8,111.7,153.7,82.5,99.9,109.8,114.6,30.2,61.9,54.7,27.6,327.6,29,84.7,374.4,116.3,263.2,431.9,134.5,164.1,301.8,1066.6,588.1,629.1,793.9,100.9,466.6,478.4,1146.8,448.4,743.7,417.5,3494.7,730,2301,446.1,4149.7,2521.2,91875
beedrill,11,24.9,29.1,23.5,309.8,27.7,81,27.7,57.3,26.5,58.6,76.7,22.9,129.2,87.5,420.2,56.3,269.2,101.4,19.1,520,411.5,167.9,105.9,18.8,78.5,259.3,22,23.4,52,24.2,35.5,30.7,27.9,1545.6,64.5,303.4,41,33.7,61.9,83.6,97.2,483.7,15.5,166.1,178.6,206.5,88.3,209.7,107.5,65.7,57.5,22.1,94.9,439.3,96.6,91,99.9,122.3,90.1,206.6,39.4,143.2,163,39.9,343.6,311.9,131.7,318.9,327.5,193.5,174.2,52.6,1085.2,712.9,799.7,1277.9,102.6,904.3,191.1,1862.9,456.3,434,425.2,4266.7,742.8,2783.7,449.9,2655.7,1607.7,104382.4
ivysaur,7.7,7.6,10.3,10.3,570.4,7.6,116.1,12.1,39.7,30.6,41.3,44.2,6.7,869.6,95,437,71.2,228.9,108.1,8.4,599.6,71.1,310.6,77.3,21.2,119.2,223.4,85.4,30.5,120,10.6,57,51.9,10.3,122.7,72.7,261.4,65.3,39.7,19,181.5,149.3,69.8,17.4,28.6,79.1,168.8,83.8,119.6,229.4,24.2,226,15.5,50.9,1466.8,402.9,87.2,81.6,99.9,234.1,57.2,17.3,63.1,148.7,341.6,123.6,341.7,19,229.6,377.3,502.2,239.4,96.5,584.9,164.7,730.2,2358.1,184.2,361.4,261,2562,52.4,438.8,298.7,1935.4,1631.1,2019.9,324,2307,2217.4,85270.6
rhyhorn,22.4,48.1,22.1,32.3,249,22,36.6,36.6,35.4,21.1,46.8,46.4,74.2,68.2,46.1,626.2,65.7,355.5,52.4,32.9,392.9,40.5,165.7,36.2,47.5,34.8,60.9,62.3,134,183.3,59.3,215.6,174.9,81.7,130.7,114,175.5,33.5,50.4,241.7,257.1,39.8,21.5,109.2,62.4,58.7,452.5,40.9,70.7,54.7,218.2,135.5,45,358.6,241.3,127.5,330.5,110.9,42.7,100,109,20.5,70.8,563.5,316.5,115.4,381.1,70.5,103,349.5,108.3,230.2,971.8,501.4,230.6,1715.4,1682,130.5,2375.5,242.2,1482.9,684,349,862.4,1657.6,1504.2,2965.2,187.9,1333.3,3234.1,108705.9
dragonair,15.1,14.2,32.4,10.6,187.8,23.8,81.7,23.8,39.6,23.4,50.6,27.7,18,159.9,25.1,596.3,22.6,275.7,28.6,12.1,469.6,345.8,396.5,142.2,16.2,30.4,19.8,33.4,19.1,111.8,14.6,52.6,56.9,17.9,210.6,151.8,98.4,36.2,24.9,33.7,104.7,36.5,43.7,13.3,56,136.9,75.5,50.8,230.5,52.2,47.4,68,30.4,180.3,694.1,274.5,161.5,48.3,174.6,91.6,100,22.6,38.7,221.7,76,48.4,342.1,118.5,143.8,377.4,254.4,252.9,37.8,366.3,119.4,884.3,1116.4,140.9,347.5,288.1,1601.1,391.7,230.3,365,1212.4,638.1,1263.9,202.9,1439.2,1384,86294.1
butterfree,17.4,44.2,67.7,37.3,566.2,27.4,298.9,43.9,168.8,34.7,512.4,602.8,43.8,475,84.1,1897.3,975.2,536.5,52.9,30.3,784.6,1074.4,440.3,334.8,29.9,177.2,487.9,1848.2,167.2,64.9,38.5,221.7,45.4,67.3,2681.7,174.9,535.5,171,58.8,124.2,100.1,236.9,839.5,43.6,195.4,888.3,292.4,189.9,299.7,225.6,272.3,155.6,35.1,197.9,993.9,254.4,182.5,253.5,576.8,487.4,442.2,100,275.9,172.1,231.3,663.7,714.8,312.8,424.6,435.7,938.2,347.8,285.6,1077.9,948.1,843.3,1064.2,1028.1,470.9,452.1,1846.9,722.4,1912.3,1912.4,3538.8,3338.6,3691.2,374.6,4179.3,4034.5,94305.9
slowpoke,19.6,38.5,54.9,43.8,145.8,12,187.3,91.4,103.9,74.6,81.8,46.8,65.6,162.5,32.5,521.5,53.6,210.1,37,25,281.6,175.1,227.7,50.6,33.5,138.7,42.7,47.3,73.2,29.6,137.9,121.4,26.6,51.7,276.2,134.7,69.7,119.8,108,246,45.7,148.2,26.9,30.5,68.6,204.7,341.6,183.7,82.1,158.1,119.3,117.2,78.7,391.8,566,285,361.4,69.8,158.2,141.2,258,36.2,100,308.3,216.3,40.1,691.2,82.1,116.4,488,269,158.9,167,296.6,260.5,591.6,747,182.3,330.4,422.8,811.6,506.7,1343.4,502.7,983.1,878.2,2601.1,419.6,1167.4,2844.6,92329.4
growlithe,10.1,14.2,28.6,7.1,93.3,25.5,27.9,15.9,26.5,12.2,8.3,29.7,12.1,34.9,43.1,367.9,25.3,161.8,30.7,5.8,327.3,542.6,102.7,67.1,10.8,22.8,36.7,5.5,37.9,15.7,22.3,22.8,28.2,12,149.2,33.8,68.6,24.2,58.3,21.5,24.2,29.1,46.9,25.3,54.6,214.9,70.9,60.9,108.9,32,31.8,11.9,20.4,34.2,105.6,23.9,30.5,61.3,67.1,17.7,45.1,58,32.4,100,21.9,32.4,79.7,60.1,154.3,253.3,51.5,58,177,627.3,345.3,399,503.9,59.1,59.3,280.6,673.2,263,170.3,245,2068.2,428.5,1356.5,150.6,2460.6,1482.8,94500
onix,18,113.4,19.9,44.4,293.9,28.4,109.2,54.7,105.7,27.2,14.7,31.8,61.4,74.2,48,611.7,45,425.8,34.2,26.5,175.3,533.7,473.3,29.2,15.5,14.2,40.8,19.6,22.8,102.6,44.6,36.2,71.8,70.6,305.2,360.9,118.4,16.9,25.4,198,154.4,16.2,20.4,39.8,66.9,198.4,95.5,160.8,47.3,22.3,64.4,67.1,36.3,315.5,261.8,118.1,344.4,249.9,29.2,31.5,131.4,43.1,46.1,454.8,99.9,98.1,212.3,133.7,67.1,450.6,69.1,371.7,28.4,698.1,48.1,1388,2012.4,39.5,574.4,224.4,832.2,1191.5,702.1,190.2,2299.5,1214.4,3788.8,240,2730.3,4138.2,96000
raticate_alolan,16.8,16.6,13.1,11.4,480.5,18.6,74.7,37,52.9,21.3,57.1,50.7,16.5,140.3,12.4,748.1,58,261.1,14.1,12.6,122,43,426.7,70.8,21.1,16.8,98.9,37.8,189.5,20.8,11.5,36.2,58.9,77.3,98.4,82.7,67.9,17.8,58.1,66.1,58.2,17.6,56.4,10.5,161.9,64,127.1,174.8,131,23.5,534.3,61.6,183,105.4,386.1,203.8,117.9,29,80.8,86.6,206.4,15,249,307.8,101.8,100,126.4,321.4,185.8,1214.7,157,193.6,97.6,473.5,133.2,944.6,1191.4,66.6,182.8,295.5,2479.8,123.6,567.8,146.3,1569.8,989,2612.1,419.2,712,1090.1,95294.1
clefairy,4.4,9.9,7.8,15.1,219.4,6.9,55.9,17.7,147.9,10.6,14.8,12.9,9.8,54.5,11.7,229.5,49.5,137.5,13.4,12.2,64.3,63.1,255.1,29.2,7.6,25.1,21.2,9.8,42.2,10.9,15.5,25.4,7.7,11.5,152,27.5,73.5,19.1,8,14.9,16.9,104.3,12.8,6.2,16.3,142.4,36.5,52.5,69.1,167.3,35.4,65.8,8.9,23.8,184.7,110.5,26.6,32,29.2,26.2,29.2,13.9,14.4,125.2,47,79,99.9,16.8,98,258.8,141.8,109.7,9.9,641.8,48.2,384.7,633.2,41.9,41.3,57.7,440.6,78.6,135.5,246.8,2123,802.4,593.1,141.2,1078.3,649.1,90635.3
exeggcute,12.2,26.6,6.4,6.4,202.7,8.1,112.7,7.5,105.8,19,34.7,39.5,22,200,12.7,658.8,52.9,251.4,14.5,5.2,304.2,182.4,182.3,182.2,43.1,113.1,34.3,41.3,95.3,74.3,6.6,85.5,84,27.5,65,85,54.7,165,24.6,66.2,112.3,158.4,61.9,10.8,48,42.3,42.8,80.4,273.2,217.7,79.9,117.7,66.7,83.8,622.5,416.1,85.9,75.9,525.8,141.7,84.3,31.9,121.6,166.1,74.7,31.1,593.3,99.9,387.4,731.8,306,152.5,319.9,408.5,866.1,814.8,1264.6,182.7,1263.2,211.8,1217.9,699,436.3,376.2,1353.9,656.9,2135.3,361.7,1613.1,2342.6,90635.3
oddish,10.5,10.4,14,14,248.4,10.3,68.4,16.5,44,56.7,56.2,19.2,9.1,171.9,44.7,286.3,66.9,202.3,50.8,11.4,261,41.9,201.1,43.5,28.8,46.1,17.1,37.1,39.3,41.7,14.5,60.4,29.2,23.8,60.4,28.5,113.7,64.3,17.3,25.8,85.4,66.1,30.3,23.7,38.9,39.3,73.4,39.4,70.5,106,32.9,80.5,21.1,41.1,638.5,153.1,37.9,31.3,43.5,96.9,69.4,23.5,85.8,64.7,148.6,53.7,101.9,25.8,99.9,164.1,202.6,104.1,37.8,254.6,77.5,317.9,1023.8,250.2,723.5,35.6,1114,272.3,190.9,405.5,843.9,708.5,880,86.5,1002.9,962.8,110964.7
vulpix_alolan,4,8.9,11.3,8.5,88.8,6.3,44.6,16.1,26.8,11.1,13.4,16.6,5.5,44.3,10.6,271,25.5,105.6,12.1,6.9,211.9,28.5,170,26.5,6.8,37.5,9,5.9,38.2,9.9,8.8,36.7,6.9,14.5,36.7,34.1,17.3,15.3,12.6,15.7,15.3,18.3,11.5,15.9,23.7,23.9,44.7,38.4,42.9,50.4,32.1,13.1,8,25,89.3,70.1,23.1,30.5,26.5,28.5,26.4,22.8,20.4,39.4,22.1,8.2,38.6,13.6,60.8,99.9,30.9,33.2,9,521.4,43.6,361.6,456.6,35.8,37.4,27,160.4,61.2,185.9,23.6,1256.3,513,857.1,53.6,612.3,937.7,960
cubone,5.6,17.3,11.9,23.4,154.1,8.7,19.2,25.6,35,13.4,57.9,21.6,30.3,41.6,14.8,319.8,38.4,174.7,10.5,9.4,70.8,30.1,118.3,9,9.5,34.8,15.1,48.7,17.5,90.1,51.2,24.1,120.3,30.6,89.6,47.6,68.3,38.5,40,41.6,140.4,36.8,14,64.6,40.1,24.3,84.1,34.9,38.1,54.6,55.4,86.1,11.2,66.3,135.1,62.2,74.2,51.6,19.9,92.2,39.2,10.6,37.1,193.7,144.3,63.6,70.4,32.6,49.3,322.9,99.9,131.5,752.8,262.4,32.8,702.2,661.9,96.9,1555.1,263.1,1008.7,111.8,171.4,344.1,869.8,917.5,1461.3,204.1,867.1,2119.9,111176.5
eevee,6.8,26.9,21.2,14.5,177.8,10.7,57.4,48.3,56.9,10.2,8.9,26.2,25.1,73.1,11.3,282.6,60.1,154.4,12.8,11.8,283.9,36.6,108.1,49.8,11.6,27.1,15.3,13.9,20.4,29.8,42.4,51.2,20.9,19,124.8,63.1,50.6,10.1,22.7,63.4,46,12.2,29.1,6,59.7,53.3,29.8,47.9,67.6,37.9,40.8,36.4,13.6,54.4,286.2,78.6,60.9,57.3,41.7,43.3,39.5,28.7,62.9,172,26.8,51.6,91,65.5,95.9,300.2,75.9,99.9,35.5,465.7,68.8,581.5,576.5,107.7,518.8,40.3,1275.1,498.8,293,464.8,1540.7,811.8,1608,258,1836.7,1765.5,156000
magnemite,14.6,20.5,25.8,19.5,247.9,14.4,78,58.8,145.5,25.4,4.8,86.6,7.9,186.8,24.3,848.9,22.8,394,27.7,9.9,689.4,44.7,456.9,23.6,40.1,13.9,20.7,153.2,34.2,14.2,12.6,40.8,15.9,20.7,194.5,250.2,207.7,13.7,100.7,22.5,21.9,16.4,72.3,8.1,263,578.5,39.9,340,167.7,45.1,55.7,12.9,29.4,35.8,344.6,169.2,33,189.9,103.5,10.2,264.2,34.9,59.8,56.3,350.8,102.4,1003.7,31.1,264,1108.1,13.2,281,99.9,1073.9,590.4,1068.3,1632,21.3,826.6,530.5,2945.9,605.7,477.2,1185.7,3918.4,2068.7,6343.5,595.5,4674.6,2081,93176.5
paras,6.6,2.5,3.4,3.4,101.4,10.3,19.1,4,10.8,8.7,13.8,5.1,2.2,26.3,4.3,129.4,26.2,33,4.9,2.8,40,25.9,23.9,17,11.3,7.1,38.1,4,9.6,10.2,3.5,5.8,7.1,5.8,23.7,11.6,44.6,9.8,4.2,6.3,15.7,9.7,19,5.8,15.2,6,28.8,9.7,27.6,13,15.7,9,13.2,10.1,271.5,25.4,9.3,9.1,17,19.9,27.2,9.2,33.6,15.8,14.2,21.1,15.5,24.4,39.2,19.1,38,21.4,9.3,99.9,28.1,168.1,455.3,36.9,38.5,27.8,60.4,17.5,36.8,60.7,352.3,278.6,232.1,33.9,247,254.4,866.3
bulbasaur,4.7,4.6,6.3,6.3,282.2,4.6,70.4,7.4,53,25.3,25.1,26.8,4.1,177.1,19.9,271.6,93.4,196.6,22.7,5.1,258,43.1,228.1,60.6,12.8,20.6,22,51.8,17.5,18.6,6.5,77.8,13,10.6,72.8,12.7,146.6,89.7,24.1,11.5,110.2,85.2,42.3,10.6,17.4,47.3,151.4,17.6,84.9,136.7,14.7,35.9,9.4,18.3,890.7,244.5,16.9,14,60.6,43.3,83.6,10.5,38.3,28.9,207.3,75,207.3,11.5,128.8,228.9,304.7,145.3,16.9,355,99.9,443.3,1432.4,111.9,219.3,27.2,1555.4,31.8,266.3,216.1,1176.3,990.4,1227.6,196.6,1401.6,1347,99952.9
charmander,3.3,4.6,5.8,11.2,30.5,5.2,24.5,8.3,13.8,4,2.7,6,6.3,18.1,8.8,51.3,8.2,26.4,10,9.1,51.2,10.6,19.2,13.6,5.6,7.4,11.9,9,4.9,5.1,11.6,11.8,3.6,2.5,37.6,11,22.3,7.9,7.4,11.2,7.9,9.5,9.5,8.2,19.5,19.7,23,19.8,22.1,10.4,8,3.9,6.6,17.8,30.7,11.7,15.8,12.4,13.6,5.7,11.3,11.8,16.8,25,7.1,10.5,25.9,12.2,31.3,27.6,14.2,17.1,9.3,59.4,22.5,99.9,193.4,19.2,19.3,12.2,124.2,31.5,50.2,30.4,424.9,72.2,209.8,34.1,505.3,199.8,793
squirtle,2.6,3.3,4.6,2.9,24.1,4.1,10.6,6.5,10.9,6.3,3.4,7.6,5,16.7,4.3,49.9,10.4,20.9,4.9,3.3,11.8,7.5,15.2,4.2,4.5,5.9,9.4,2.2,3.9,2.5,4,9.4,1.8,2,15,8.7,17.6,6.2,6.2,8.8,3.9,6,9.2,4.1,8.8,9.7,5.7,15.7,6.8,8.2,3.3,4.9,5.2,14.1,35.3,24.7,12.5,7.8,4.2,5.9,8.9,9.3,13.3,19.8,4.9,8.3,15.7,7.8,9.7,21.8,15,17.3,6.1,21.9,6.9,51.6,99.9,14.6,9.5,9.6,85.3,24.9,47.4,24,440.8,61.1,320.2,33.1,250.2,183.8,511.1
diglett,10.7,18,5.7,14.6,148.4,10.5,53,17.2,17.9,22.6,35.8,31.2,119,59,17.8,466.1,42.6,143.2,20.3,29.7,277.2,101.1,106.3,17.3,18.3,62.8,38.7,198.7,64.1,110.7,37.7,98.4,124,62,53.9,49.5,72.4,25.6,86.6,67.3,170.7,30.7,23.6,106.8,24.8,47.2,46.8,25.7,28.1,84.4,104.4,120.2,21.5,107.3,166,92.3,98.9,97.2,54.1,76.4,70.7,9.6,54.6,168.8,252.4,149.8,238.1,54.6,39.8,278.8,103,92.7,466.1,270.4,89.1,518,682.1,99.9,1148.6,308.9,710.9,174.7,236.7,258.8,896.3,452.7,1431.4,143.7,1067.9,1566.2,105794.1
pikachu,3.7,8.3,12.6,12.6,265.8,3.6,149.9,23.8,15.5,20,1.9,49.8,4.8,177.9,6.1,258.8,9.2,101.3,7,6.4,196.1,34.5,232.3,6,10.1,8.3,13.4,29.7,13.8,5.7,8.1,21.2,6.4,13.4,51.8,23,115.6,8.8,45,14.5,8.8,10.6,60.2,3.3,13.7,321.4,119.4,262.7,9.7,11.7,22.5,3.9,7.4,23.1,406.5,178.4,21.3,11,27.6,4.1,28.7,21.1,30.2,168.4,17.3,54.6,241.7,7.9,13.7,266.9,6.3,19.2,12,258.9,45.5,517.2,1044.9,8.6,99.9,295.4,1134.2,76.1,497,157.6,1373.2,722.3,1433.1,229.2,1636,1572,351021.2
sandshrew_alolan,14.8,11.6,26,7.7,108.7,15.6,21.2,5.7,32.8,16,19.3,35.8,5,23.1,39.3,828.4,23,347,44.7,6.3,499.9,19.9,402.7,38.2,7.9,13,20.9,18.5,34.5,8.9,7.9,10.8,10,13.1,435.4,277.4,42.3,13.8,26.9,14.2,13.8,16.6,26.7,5.1,49.7,283.1,32.5,28,62,18.2,28.9,38.9,29.7,22.6,251.5,35.7,20.8,52.2,38.2,41.2,34.7,22.1,23.6,35.5,44.5,33.7,173.1,47.1,280.3,368.7,37.9,247.7,18.8,357.8,367,818.2,1032.6,32.3,33.8,100,979.5,153.4,381.8,97.3,1184.4,623.2,1920.3,98.1,1406.8,2098.8,1786
jigglypuff,2.4,2.1,3.2,3.2,51.6,3.8,14,3.8,25.7,5.1,3.1,7,2.1,31.5,1.6,46.4,6,28.7,1.8,2.6,13.3,10.9,61.3,3.9,4.1,3.4,8.7,2.1,7.6,2.3,3.3,3.4,2.6,8.7,37.1,3.7,21.4,2.2,4.7,5.9,3.6,2.7,8.5,3.8,8.9,23.8,10.5,9,6.3,3,21.4,4.5,4.8,9.4,65.8,9.8,8.7,5.3,3.9,6.7,6.2,5.4,12.3,14.8,12,4,22.7,8.2,8.9,62.3,9.9,7.8,3.4,165.3,6.4,80.4,117,14,8.8,10.2,100,14.4,18,11.5,548.7,233.3,150.6,12.6,653.5,182.4,144000
spearow,3.8,14.9,5.1,8.2,74.4,6,71.4,9.7,16.1,8.1,12.6,99.8,5,84.8,6.4,147,24.4,72.1,7.3,6.7,149.5,31.1,52.3,15.9,6.6,22.6,13.9,6,71,16.6,8.5,13.8,11.6,5.6,386.8,27.8,26,9.2,12.2,15.1,22.4,11,38.6,6,8.9,68.6,26.9,23.1,25.8,30.4,12.1,5.4,7.7,24.1,110.2,21.9,22.2,21.8,190.4,14.6,25.4,13.8,19.6,37.9,8.3,80.7,127.1,14.3,36.6,163.2,89.3,20,16.4,571.3,313.8,316.4,399.7,57.1,131.2,65.1,693.9,100,175.5,252.7,1893,441.9,1237.8,140.3,2255.5,1357.2,187764.7
zubat,1.4,9,3.1,4.9,57.6,2.3,36.1,5.8,27.5,4.9,4.7,14.3,8.5,42.8,6.2,64,37,39,7,4,101.3,28.8,28.3,9.6,2.5,18,34.4,3.3,3.5,28.2,5.1,22.9,14.7,3.3,60,20.9,40.3,8.8,14.3,9.1,9.8,24.1,21.9,3.6,5.4,29,51.7,39.4,39.9,33.1,5.6,8.9,2.9,41,81.8,28.1,13.4,23,22.7,28.5,43.3,5.2,7.4,58.6,14.2,17.6,73.7,22.9,52.3,53.7,58.2,34.1,20.9,271.1,37.5,198.7,210.5,42.2,20.1,26.1,553,56.9,99.9,143.9,843.7,187.7,647.4,69,1001,616.6,87882.4
rattata_alolan,10.3,5.8,8.8,8.8,154.4,16.2,80.4,10.4,17.3,13.9,5.4,19.2,5.7,95.5,4.3,240.3,16.4,81,4.9,7.2,163.8,26,101.7,10.7,17.7,24.2,9.3,66,65.8,6.4,9.1,14.8,4.5,6,107.5,29.8,83.2,6.2,13,16.2,9.9,7.4,23.3,10.3,15.3,30.4,28.9,24.8,17.3,20.4,185.5,7.7,20.7,25.8,122.9,23.5,23.8,23.4,33.4,11.5,27.3,5.2,19.8,40.7,52.4,68.2,40.5,26.5,24.5,422.7,28.9,21.5,8.4,164.4,46.2,328.3,414.7,38.5,63.4,102.6,863,39.5,69.3,99.9,546.2,343.9,910.5,55.4,650.3,380.3,190852.9
metapod,2,0.7,1.7,1,11.4,3.1,5.7,1.2,3.2,4.2,4.1,2.3,0.7,10.9,1.3,19.3,7.9,9.9,1.5,0.8,12,4.9,7.2,5.1,3.4,2.1,11.4,1.2,2.9,1.9,1.1,2.8,1.3,1.7,11.4,3.5,13.4,3,1.7,1.9,3,2.9,5.7,3.1,7.3,2.9,8.6,2.9,8.3,3.9,4.7,2.7,4,3,18.4,5.2,2.8,2.3,5.1,6,8.2,2.8,10.1,4.8,4.3,6.3,4.7,7.3,11.8,7.9,11.4,6.4,2.5,28.3,8.4,23.4,22.6,11.1,7.2,8.4,18.1,5.2,11.8,18.3,99.9,43.4,55.1,10.2,99.6,46.9,260.8
meowth_alolan,5.9,3.3,5,5,63,9.3,17.5,5.9,9.9,8,3.1,11,3.3,20.8,2.5,98.6,9.4,18.9,2.8,4.1,11.9,14.8,22,6.1,10.1,3.3,5.3,2,5.6,3.7,5.2,8.5,2.6,3.4,8.5,7.9,25.5,3.5,7.5,9.3,5.6,4.2,13.3,5.9,8.7,17.3,6.3,14.2,9.9,11.6,4.7,4.4,11.8,14.8,35.1,14.9,13.6,13.4,6.1,6.6,15.6,3,11.3,23.2,8.2,10.1,12.4,15.1,14,19.4,10.8,12.3,4.8,35.8,10.1,138.3,163.4,22,13.8,15.9,42.8,22.6,53.2,29,230.2,99.9,283.2,31.7,141.7,152.9,338.8
kakuna,0.7,1.1,2.5,1.6,15.9,1.9,8.8,1.9,5,4,1.5,3.1,1,10.4,5,19.3,4.7,9.5,5.7,1.3,29.5,8.3,6.9,4.9,1.3,3.3,6.9,0.7,2.8,1.8,1.6,4.3,0.8,1.7,17.4,3.3,8,4.5,2.4,2.9,2.8,4.4,5.5,3,4.4,7.1,5.2,4.5,8,6,4.5,1.5,1.5,4.6,24.7,4.7,4.3,3.5,4.9,3.3,7.8,2.6,3.8,7.3,2.6,3.8,16.8,4.7,11.3,11.6,6.8,6.2,1.5,43,8.1,47.6,31.2,6.9,6.9,5.1,66.3,8,15.4,10.9,181.2,35.2,99.9,15.9,280.9,109.4,345.6
dratini,7.4,7,15.9,15.9,91.9,11.7,21.6,11.7,19.5,15.7,24.9,13.6,8.9,51.9,12.4,193.2,29.6,85.8,14.1,12.9,233.8,30.9,124.5,30.8,8,15,26.9,16.4,27.8,11.5,16.4,16.7,12.9,8.8,67,24.8,50.4,17.8,12.2,15.7,17.8,21.3,21.5,6.6,27.5,43.6,52,44.7,49.9,23.5,45.3,35.7,14.9,25.1,236.7,80.2,22.3,22.2,30.8,53.1,49.2,26.6,23.7,66.3,41.6,23.8,70.7,27.6,115.4,186,48.9,38.7,16.7,294.1,50.8,292.1,301.1,69.4,43.5,101.8,790.2,71.2,144.6,179.9,975.5,314.7,624.7,99.9,712.2,683.9,147000
caterpie,1.7,0.6,1.4,0.9,9.6,2.6,4.8,1,2.7,3.5,3.5,7.8,0.6,9.2,1.1,15.3,6.6,8.3,1.2,0.7,10.1,10.5,6,4.3,2.8,3.8,9.6,1,2.4,1.6,0.9,2.3,1.1,1.5,9.6,2.9,11.3,2.5,3.3,1.6,2.5,3,4.8,2.6,6.2,2.4,4.5,2.4,7,3.3,4,2.3,3.3,2.5,15.5,3.7,2.3,3.7,4.3,7.4,6.9,2.3,8.5,4,3.6,14,9.2,6.2,9.9,16.2,11.4,5.4,2.1,40.4,7.1,19.7,39.9,9.3,6.1,7,15.3,4.4,9.9,15.3,100.2,70.5,35.5,14,99.9,44.2,157.5
weedle,0.7,6.7,2.3,1.4,10,1.7,8,1.7,4.5,3.7,1.4,8.1,7.5,9.5,4.6,17.6,4.3,8.7,5.2,1.2,26.9,7.6,6.3,4.5,1.2,6.3,6.3,4.7,2.5,7.5,1.5,3.9,3.3,1.5,15.9,3.1,7.3,4.1,2.2,2.7,2.6,5,15.6,2.7,4,6.5,7.6,4.1,7.3,5.5,4.1,1.4,1.4,4.2,16.1,3.9,3.9,6.1,4.5,3,7.2,2.4,3.5,6.7,2.3,9.1,15.3,4.2,10.3,10.6,4.7,5.6,4.7,39.3,7.4,49.9,54.3,6.3,6.3,4.7,54.7,7.3,16.1,26.2,212.7,65.3,91.2,14.5,225.7,99.9,211.2
magikarp,0,0,0,0,5.5,0,0,0,0,0,0,0,0,7.1,0,6.5,0,0,0,0,0,6,0,0,0,0,0,0,0,0,0,0,0,0,3.8,0,0,0,0,0,0,0,0,0,0,2.5,0,0,0,0,0,0,0,0,8,0,0,0,0,0,0,0,0,0,0,0,0,0,0,10.3,0,0,0,11.4,0,12.5,19.4,0,0,5.5,0,0,0,0,38.2,29.4,28.8,0,63.3,47.2,99.9
